district_id,district,population,share_0_14,share_65plus,deprivation,green_space,traffic,heat_island,grid_col,grid_row,neighbors
1,"Northgate",48000,0.17,0.16,0.35,0.55,0.35,0.3,0,0,"2 5 6"
2,"Hillcrest",36000,0.18,0.22,0.15,0.7,0.2,0.1,1,0,"1 3 5 6 7"
3,"Millbrook",52000,0.19,0.14,0.55,0.4,0.45,0.5,2,0,"2 4 6 7 8"
4,"Eastfield",29000,0.2,0.13,0.65,0.35,0.4,0.4,3,0,"3 7 8"
5,"Westbank",61000,0.16,0.19,0.3,0.5,0.5,0.7,0,1,"1 2 6 9 10"
6,"Old Town",142000,0.11,0.15,0.45,0.15,0.9,1.6,1,1,"1 2 3 5 7 9 10 11"
7,"Station",88000,0.13,0.1,0.7,0.2,0.85,1.3,2,1,"2 3 4 6 8 10 11 12"
8,"Riverside",44000,0.17,0.2,0.4,0.6,0.3,0.4,3,1,"3 4 7 11 12"
9,"Greenmeadow",31000,0.21,0.17,0.1,0.85,0.1,0,0,2,"5 6 10"
10,"Southport",67000,0.15,0.24,0.6,0.3,0.65,0.9,1,2,"5 6 7 9 11"
11,"Lakeside",26000,0.14,0.3,0.2,0.75,0.15,0.1,2,2,"6 7 8 10 12"
12,"Harbour",39000,0.16,0.18,0.8,0.25,0.7,0.8,3,2,"7 8 11"
